task_identity,task_family,split,completion_by_step_50:lexical_greedy,completion_by_step_50:lexical_anti_cycle,completion_by_step_50:observable_subgoal_greedy,completion_by_step_50:observable_subgoal_anti_cycle,episode_two_cycle_incidence_by_step_50:lexical_greedy,episode_two_cycle_incidence_by_step_50:lexical_anti_cycle,episode_two_cycle_incidence_by_step_50:observable_subgoal_greedy,episode_two_cycle_incidence_by_step_50:observable_subgoal_anti_cycle
3b9c04cb4f9911ea0d2213daf4bb874c2680436094be5b569625f6b9e7aba539,pick_and_place_simple,valid_seen,0.0,0.0,0.0,1.0,1.0,1.0,1.0,0.0
32578ea95a1ae422a7f35b1176e497ffa6336a8fca5af179d1a0f413a0e3c58d,pick_and_place_simple,valid_seen,0.0,0.0,0.0,1.0,1.0,1.0,1.0,0.0
405e6e0b85584fe5f216e2f12427f726b58a81c0c0cb399c47340c1bdc08c47f,pick_and_place_simple,valid_seen,0.0,0.0,0.0,1.0,1.0,1.0,1.0,0.0
617e20ebbdb68fc994eab96140c5ebb6ca2600d40318da18b34e342a24746a7e,pick_and_place_simple,valid_seen,0.0,0.0,0.0,1.0,1.0,1.0,1.0,0.0
931bb69d595f801dc3679de47e4790e476c2751ccf01378e7440012305b825df,pick_and_place_simple,valid_seen,0.0,0.0,0.0,0.0,1.0,1.0,1.0,1.0
0faefebbbbcb3d51b3adff79835e47a46bfc52f70285e639b01b8ff14a89c6fa,pick_clean_then_place_in_recep,valid_seen,0.0,0.0,0.0,0.0,1.0,1.0,1.0,1.0
01eaf2aa558ad79f4875df12b0e1f6850a111f4e5cb7f6ecd97cd48f6bbf07d6,pick_clean_then_place_in_recep,valid_seen,0.0,0.0,0.0,1.0,1.0,1.0,1.0,0.0
2cff565a8b32125bb5ef1f9032a9f2919a615299ebd55277a1ca37f441811d79,pick_clean_then_place_in_recep,valid_seen,0.0,0.0,0.0,1.0,1.0,1.0,1.0,0.0
8b8f75c1a656caffb852dbee1e0eadebf3eef947f394928125b8cb23f9b8d4c8,pick_clean_then_place_in_recep,valid_seen,0.0,0.0,0.0,1.0,1.0,1.0,1.0,0.0
2c86ebc9205ec0d2c8cc8a06099d1c0e9e0e21e13bc330361c7a01f433dcc970,pick_clean_then_place_in_recep,valid_seen,0.0,0.0,0.0,1.0,1.0,1.0,1.0,0.0
346112755c4b8a29fdc149d9ace656a4a520bfb7dc1d31c600bde5a80da5dca5,pick_two_obj_and_place,valid_seen,0.0,0.0,0.0,0.0,1.0,1.0,1.0,1.0
18c0713158588e50e893f22c28ddcdd1c3fabd4791d58eeb61ea0747b11e20a2,pick_two_obj_and_place,valid_seen,0.0,0.0,0.0,0.0,1.0,1.0,1.0,1.0
407aa4a1ddec39401899cd967cd998b78d1b68fa12822e4eaae2fca65dd4271f,pick_two_obj_and_place,valid_seen,0.0,0.0,0.0,0.0,1.0,1.0,1.0,0.0
78d2ee391b6190cc8de422f6eb960e41d7c34f7996d46fc9224f536149b59e66,pick_two_obj_and_place,valid_seen,0.0,0.0,0.0,0.0,1.0,1.0,1.0,1.0
c231c61f93800e0ba68087cbe790019a067345138dc6b22291507dd85096fb84,pick_two_obj_and_place,valid_seen,0.0,0.0,0.0,0.0,1.0,1.0,1.0,1.0
945098a1deb61e87305ee30e69120132db329bb267fbcd6c3d6b6c1e45179b52,pick_and_place_simple,valid_unseen,0.0,0.0,0.0,1.0,1.0,1.0,1.0,0.0
0c01dad0cdc15f1d1999b88ad005abc781b3d6a21d1e928d63e8a093f300c49f,pick_and_place_simple,valid_unseen,0.0,0.0,0.0,0.0,1.0,0.0,1.0,1.0
ee9e9527b3c6d508d42152fe9833059e2d1985924940294ee2b5c32ad1d1c0ee,pick_and_place_simple,valid_unseen,0.0,0.0,0.0,1.0,1.0,1.0,1.0,0.0
9f09f8a87fe117127ab5abd68fe6ea14e69b74d9160611847ada666f1532bf05,pick_and_place_simple,valid_unseen,0.0,0.0,0.0,0.0,1.0,1.0,1.0,1.0
962a69bbd0dc344fa5f1243e0f88fc8a0d20fb131e2e9c73f02800634e4292ad,pick_and_place_simple,valid_unseen,0.0,0.0,0.0,0.0,1.0,0.0,1.0,1.0
5f5555727a7fb014ed788552b41f06a9aaa0802b87ce5968bd8b9dd6a301bf26,pick_clean_then_place_in_recep,valid_unseen,0.0,0.0,0.0,1.0,1.0,1.0,1.0,0.0
41a7ed08a00fcbf193b3a5d6b774c628552a6fefe995c330310297df171205c5,pick_clean_then_place_in_recep,valid_unseen,0.0,0.0,0.0,1.0,1.0,1.0,1.0,0.0
781e1cfba9d726b5e0cd613bc3220d1d318fc5b51b62dc84b425053c120f687f,pick_clean_then_place_in_recep,valid_unseen,0.0,0.0,0.0,0.0,1.0,1.0,1.0,1.0
e5a8e8d4811706b29d2ccc03b7f88da54f73a4483c0471eb19e25555859beafa,pick_clean_then_place_in_recep,valid_unseen,0.0,0.0,1.0,1.0,1.0,1.0,0.0,0.0
8da2f2a0c850166f1c61efbafaca4039e859983adc2633216a6f4e4dd587e84c,pick_clean_then_place_in_recep,valid_unseen,0.0,0.0,0.0,1.0,1.0,1.0,1.0,0.0
deb8fa701f897064f8e78cb390ccba622d8f356b9c2310fc394679263e4b6e54,pick_two_obj_and_place,valid_unseen,0.0,0.0,0.0,0.0,1.0,1.0,1.0,1.0
5be70830f42100425d13051259ce48989385532c6d1583ea091d4ff8dd2ae76e,pick_two_obj_and_place,valid_unseen,0.0,0.0,0.0,0.0,1.0,1.0,1.0,1.0
70730d599e261d5ff0f5acb13098c178bb6d8d81b9e83cde3d357bbeaf6ff868,pick_two_obj_and_place,valid_unseen,0.0,0.0,0.0,0.0,1.0,0.0,1.0,1.0
b848af8139b351a6229535fcaabd5532a396135043bcc8feb785a0fbf8c3633f,pick_two_obj_and_place,valid_unseen,0.0,0.0,0.0,0.0,1.0,1.0,1.0,1.0
3150970cd60e9aa950adcd86f04cc95818934184f5894f9259ee8d1c65f718ef,pick_two_obj_and_place,valid_unseen,0.0,0.0,0.0,0.0,1.0,1.0,1.0,1.0
